[
    { "year": 2015, "unemploymentRateCountry": "DRC", "femaleUnemploymentRate": 4.37, "maleUnemploymentRate": 3.05 },
    { "year": 2015, "unemploymentRateCountry": "MZ", "femaleUnemploymentRate": 27.14, "maleUnemploymentRate": 23.06 },
    { "year": 2015, "unemploymentRateCountry": "UG", "femaleUnemploymentRate": 2.49, "maleUnemploymentRate": 1.37 },
    { "year": 2015, "unemploymentRateCountry": "TJ", "femaleUnemploymentRate": 11.1, "maleUnemploymentRate": 9.9 },
    { "year": 2015, "unemploymentRateCountry": "YE", "femaleUnemploymentRate": 26.64, "maleUnemploymentRate": 12.67 },
    { "year": 2015, "unemploymentRateCountry": "HT", "femaleUnemploymentRate": 15.98, "maleUnemploymentRate": 12.27 },
    { "year": 2015, "unemploymentRateCountry": "ET", "femaleUnemploymentRate": 7.2, "maleUnemploymentRate": 2.98 },
    { "year": 2015, "unemploymentRateCountry": "TZ", "femaleUnemploymentRate": 2.67, "maleUnemploymentRate": 1.59 },
    { "year": 2015, "unemploymentRateCountry": "KG", "femaleUnemploymentRate": 9.04, "maleUnemploymentRate": 6.54 },
    { "year": 2015, "unemploymentRateCountry": "UZ", "femaleUnemploymentRate": 7.77, "maleUnemploymentRate": 3.05 },
    { "year": 2016, "unemploymentRateCountry": "DRC", "femaleUnemploymentRate": 4.33, "maleUnemploymentRate": 3.06 },
    { "year": 2016, "unemploymentRateCountry": "MZ", "femaleUnemploymentRate": 26.97, "maleUnemploymentRate": 22.94 },
    { "year": 2016, "unemploymentRateCountry": "UG", "femaleUnemploymentRate": 2.65, "maleUnemploymentRate": 1.42 },
    { "year": 2016, "unemploymentRateCountry": "TJ", "femaleUnemploymentRate": 11.03, "maleUnemploymentRate": 9.85 },
    { "year": 2016, "unemploymentRateCountry": "YE", "femaleUnemploymentRate": 26.49, "maleUnemploymentRate": 12.2 },
    { "year": 2016, "unemploymentRateCountry": "HT", "femaleUnemploymentRate": 15.89, "maleUnemploymentRate": 12.26 },
    { "year": 2016, "unemploymentRateCountry": "ET", "femaleUnemploymentRate": 7.37, "maleUnemploymentRate": 3.05 },
    { "year": 2016, "unemploymentRateCountry": "TZ", "femaleUnemploymentRate": 2.74, "maleUnemploymentRate": 1.62 },
    { "year": 2016, "unemploymentRateCountry": "KG", "femaleUnemploymentRate": 8.75, "maleUnemploymentRate": 6.18 },
    { "year": 2016, "unemploymentRateCountry": "UZ", "femaleUnemploymentRate": 7.38, "maleUnemploymentRate": 7.61 },
    { "year": 2017, "unemploymentRateCountry": "DRC", "femaleUnemploymentRate": 4.33, "maleUnemploymentRate": 3.08 },
    { "year": 2017, "unemploymentRateCountry": "MZ", "femaleUnemploymentRate": 26.85, "maleUnemploymentRate": 22.84 },
    { "year": 2017, "unemploymentRateCountry": "UG", "femaleUnemploymentRate": 2.81, "maleUnemploymentRate": 1.45 },
    { "year": 2017, "unemploymentRateCountry": "TJ", "femaleUnemploymentRate": 10.96, "maleUnemploymentRate": 9.85 },
    { "year": 2017, "unemploymentRateCountry": "YE", "femaleUnemploymentRate": 28.32, "maleUnemploymentRate": 12.81 },
    { "year": 2017, "unemploymentRateCountry": "HT", "femaleUnemploymentRate": 15.85, "maleUnemploymentRate": 12.27 },
    { "year": 2017, "unemploymentRateCountry": "ET", "femaleUnemploymentRate": 7.54, "maleUnemploymentRate": 3.1 },
    { "year": 2017, "unemploymentRateCountry": "TZ", "femaleUnemploymentRate": 2.81, "maleUnemploymentRate": 1.65 },
    { "year": 2017, "unemploymentRateCountry": "KG", "femaleUnemploymentRate": 8.83, "maleUnemploymentRate": 6.25 },
    { "year": 2017, "unemploymentRateCountry": "UZ", "femaleUnemploymentRate": 7.07, "maleUnemploymentRate": 7.25 },
    { "year": 2018, "unemploymentRateCountry": "DRC", "femaleUnemploymentRate": 4.3, "maleUnemploymentRate": 3.1 },
    { "year": 2018, "unemploymentRateCountry": "MZ", "femaleUnemploymentRate": 26.72, "maleUnemploymentRate": 22.74 },
    { "year": 2018, "unemploymentRateCountry": "UG", "femaleUnemploymentRate": 2.96, "maleUnemploymentRate": 1.48 },
    { "year": 2018, "unemploymentRateCountry": "TJ", "femaleUnemploymentRate": 10.99, "maleUnemploymentRate": 9.85 },
    { "year": 2018, "unemploymentRateCountry": "YE", "femaleUnemploymentRate": 29.95, "maleUnemploymentRate": 12.86 },
    { "year": 2018, "unemploymentRateCountry": "HT", "femaleUnemploymentRate": 15.76, "maleUnemploymentRate": 12.13 },
    { "year": 2018, "unemploymentRateCountry": "ET", "femaleUnemploymentRate": 7.7, "maleUnemploymentRate": 3.15 },
    { "year": 2018, "unemploymentRateCountry": "TZ", "femaleUnemploymentRate": 2.87, "maleUnemploymentRate": 1.68 },
    { "year": 2018, "unemploymentRateCountry": "KG", "femaleUnemploymentRate": 8.92, "maleUnemploymentRate": 6.32 },
    { "year": 2018, "unemploymentRateCountry": "UZ", "femaleUnemploymentRate": 6.86, "maleUnemploymentRate": 6.94 }
]